{"cameraMode":{"drawMode":0,"name":"Shaded","section":"Shading Mode"},"sceneLighting":true,"audioPlay":false,"sceneViewState":{"showFog":true,"showMaterialUpdate":false,"showSkybox":true,"showFlares":true,"showImageEffects":true,"showParticleSystems":true},"in2DMode":false,"pivot":{"x":2.2073330879211427,"y":1.023261547088623,"z":-6.854922294616699},"rotation":{"x":-0.0812201127409935,"y":0.0005950856138952076,"z":-0.000048641388275427744,"w":-0.9966980814933777},"size":5.539167404174805,"orthographic":false}